{
  "total_mae": 1.6506577615558824,
  "total_rmse": 3.064590478439314,
  "total_wape": 0.9551977590794684,
  "hotspot_roc_auc": 0.6948929783712513,
  "hotspot_average_precision": 0.2632142519251961,
  "hotspot_logloss": 0.4615562727468246,
  "hotspot_brier": 0.1084861284086962,
  "top_1pct_violation_capture": 0.02759981618143973,
  "top_5pct_violation_capture": 0.11623820722839456,
  "top_10pct_violation_capture": 0.21176979428540535,
  "precision_at_10": 0.2736040609137056,
  "ndcg_at_10": 0.39975976900110133,
  "false_dispatch_rate_at_10": 0.06192893401015228,
  "precision_at_25": 0.20690355329949237,
  "ndcg_at_25": 0.50297708504552,
  "false_dispatch_rate_at_25": 0.09340101522842639,
  "precision_at_50": 0.16010152284263962,
  "ndcg_at_50": 0.5959989864230214,
  "false_dispatch_rate_at_50": 0.16893401015228426,
  "by_target": {
    "count_two_wheeler": {
      "mae": 0.8976706468753517,
      "rmse": 2.2779160306790454,
      "wape": 1.120099996366324
    },
    "count_car": {
      "mae": 0.6329778827250246,
      "rmse": 1.3449715566225107,
      "wape": 1.0664377093888402
    },
    "count_auto": {
      "mae": 0.2826800247151085,
      "rmse": 0.7839122357160754,
      "wape": 1.215859210182103
    },
    "count_light_commercial": {
      "mae": 0.10759000980042657,
      "rmse": 0.3347369928585041,
      "wape": 1.6416103633626027
    },
    "count_heavy": {
      "mae": 0.05901617799787549,
      "rmse": 0.24636979991796704,
      "wape": 1.961738078261678
    },
    "count_other": {
      "mae": 0.0067449537734237,
      "rmse": 0.07673269966035338,
      "wape": 1.3494320133428144
    }
  },
  "train_rows": 123676,
  "test_rows": 21407,
  "cutoff_hour": "2024-03-18 23:00:00",
  "feature_columns": [
    "model_segment_id",
    "police_station",
    "junction_bucket",
    "road_class",
    "lat_center",
    "lon_center",
    "road_width_m",
    "is_bulk_artifact_segment",
    "hour",
    "day_of_week",
    "month",
    "day_of_year",
    "is_weekend",
    "is_peak",
    "hour_sin",
    "hour_cos",
    "dow_sin",
    "dow_cos",
    "month_sin",
    "month_cos",
    "day_of_year_norm",
    "is_weekday_peak",
    "is_weekend_peak",
    "hour_bucket",
    "is_holiday",
    "is_festival",
    "is_first_week_of_month",
    "is_month_end",
    "is_school_dropoff",
    "is_school_pickup",
    "is_lunch_market",
    "is_office_commute_am",
    "is_office_commute_pm",
    "is_shopping_evening",
    "is_nightlife_peak",
    "segment_total_events",
    "segment_event_rate",
    "segment_rank_pct",
    "segment_hour_mean",
    "segment_dow_hour_mean",
    "city_hour_mean",
    "city_dow_hour_mean",
    "hawkes_decay_intensity",
    "neighbor_spillover_score",
    "segment_severity_mean",
    "segment_dominant_vehicle_footprint",
    "lag_1h_total",
    "lag_2h_total",
    "lag_3h_total",
    "lag_24h_total",
    "lag_168h_total",
    "lag_1h_two_wheeler",
    "lag_1h_car",
    "lag_1h_auto",
    "lag_1h_light_commercial",
    "lag_1h_heavy",
    "lag_1h_other",
    "rainfall_mm",
    "is_raining",
    "is_underpass_or_bridge",
    "rain_shelter_bottleneck",
    "dist_to_legal_parking_m",
    "legal_parking_capacity",
    "overflow_risk_index",
    "dist_to_metro_m",
    "dist_to_commercial_m",
    "dist_to_bus_stop_m",
    "dist_to_school_m",
    "dist_to_hospital_m",
    "dist_to_market_m",
    "dist_to_restaurant_m",
    "dist_to_worship_m",
    "dist_to_office_m",
    "dist_to_mall_m",
    "dist_to_airport_m",
    "dist_to_railway_station_m",
    "dist_to_hotel_m",
    "dist_to_nightlife_m",
    "dist_to_park_m",
    "dist_to_stadium_m",
    "dist_to_university_m",
    "poi_count_200m",
    "poi_count_500m",
    "poi_gravity_score",
    "station_enforcement_volume",
    "station_approval_rate",
    "station_event_rate",
    "distance_to_active_event_m",
    "event_impact_score",
    "active_event_count",
    "road_vulnerability"
  ],
  "target_columns": [
    "count_two_wheeler",
    "count_car",
    "count_auto",
    "count_light_commercial",
    "count_heavy",
    "count_other"
  ],
  "categorical_columns": [
    "model_segment_id",
    "police_station",
    "junction_bucket",
    "road_class",
    "hour_bucket"
  ]
}