{
  "total_mae": 1.393218545321728,
  "total_rmse": 2.9225071837176366,
  "total_wape": 1.0731423911695999,
  "hotspot_roc_auc": 0.7302773289279786,
  "hotspot_average_precision": 0.24398137183878496,
  "hotspot_logloss": 0.34734070952098,
  "hotspot_brier": 0.08484563731625959,
  "top_1pct_violation_capture": 0.037550712331352015,
  "top_5pct_violation_capture": 0.14098814353555367,
  "top_10pct_violation_capture": 0.2452432619429506,
  "precision_at_10": 0.24266666666666664,
  "ndcg_at_10": 0.37566111495861787,
  "false_dispatch_rate_at_10": 0.1831111111111111,
  "precision_at_25": 0.18400000000000002,
  "ndcg_at_25": 0.48005397907793057,
  "false_dispatch_rate_at_25": 0.23751111111111115,
  "precision_at_50": 0.1368888888888889,
  "ndcg_at_50": 0.5700584489153095,
  "false_dispatch_rate_at_50": 0.34462222222222216,
  "by_target": {
    "count_two_wheeler": {
      "mae": 0.7809813277930509,
      "rmse": 2.183406373484814,
      "wape": 1.2490397466571372
    },
    "count_car": {
      "mae": 0.5118843494120712,
      "rmse": 1.2288006358088877,
      "wape": 1.20340482681901
    },
    "count_auto": {
      "mae": 0.2416296231212547,
      "rmse": 0.7214708306525638,
      "wape": 1.33589000665593
    },
    "count_light_commercial": {
      "mae": 0.08989822684105062,
      "rmse": 0.2937402844851544,
      "wape": 1.9998068771943793
    },
    "count_heavy": {
      "mae": 0.04888940815598875,
      "rmse": 0.22363375333504573,
      "wape": 2.608713256114328
    },
    "count_other": {
      "mae": 0.004747277897882209,
      "rmse": 0.0592833674654172,
      "wape": 1.550271070332414
    }
  },
  "train_rows": 145284,
  "test_rows": 24492,
  "cutoff_hour": "2024-03-18 23:00:00",
  "feature_columns": [
    "model_segment_id",
    "police_station",
    "junction_bucket",
    "road_class",
    "lat_center",
    "lon_center",
    "road_width_m",
    "is_bulk_artifact_segment",
    "hour",
    "day_of_week",
    "month",
    "day_of_year",
    "is_weekend",
    "is_peak",
    "hour_sin",
    "hour_cos",
    "dow_sin",
    "dow_cos",
    "month_sin",
    "month_cos",
    "day_of_year_norm",
    "is_weekday_peak",
    "is_weekend_peak",
    "hour_bucket",
    "is_holiday",
    "is_festival",
    "is_first_week_of_month",
    "is_month_end",
    "is_school_dropoff",
    "is_school_pickup",
    "is_lunch_market",
    "is_office_commute_am",
    "is_office_commute_pm",
    "is_shopping_evening",
    "is_nightlife_peak",
    "segment_total_events",
    "segment_event_rate",
    "segment_rank_pct",
    "segment_hour_mean",
    "segment_dow_hour_mean",
    "city_hour_mean",
    "city_dow_hour_mean",
    "hawkes_decay_intensity",
    "neighbor_spillover_score",
    "segment_severity_mean",
    "segment_dominant_vehicle_footprint",
    "lag_1h_total",
    "lag_2h_total",
    "lag_3h_total",
    "lag_24h_total",
    "lag_168h_total",
    "lag_1h_two_wheeler",
    "lag_1h_car",
    "lag_1h_auto",
    "lag_1h_light_commercial",
    "lag_1h_heavy",
    "lag_1h_other",
    "rainfall_mm",
    "is_raining",
    "is_underpass_or_bridge",
    "rain_shelter_bottleneck",
    "dist_to_legal_parking_m",
    "legal_parking_capacity",
    "overflow_risk_index",
    "dist_to_metro_m",
    "dist_to_commercial_m",
    "dist_to_bus_stop_m",
    "dist_to_school_m",
    "dist_to_hospital_m",
    "dist_to_market_m",
    "dist_to_restaurant_m",
    "dist_to_worship_m",
    "dist_to_office_m",
    "dist_to_mall_m",
    "dist_to_airport_m",
    "dist_to_railway_station_m",
    "dist_to_hotel_m",
    "dist_to_nightlife_m",
    "dist_to_park_m",
    "dist_to_stadium_m",
    "dist_to_university_m",
    "poi_count_200m",
    "poi_count_500m",
    "poi_gravity_score",
    "station_enforcement_volume",
    "station_approval_rate",
    "station_event_rate",
    "distance_to_active_event_m",
    "event_impact_score",
    "active_event_count",
    "road_vulnerability"
  ],
  "target_columns": [
    "count_two_wheeler",
    "count_car",
    "count_auto",
    "count_light_commercial",
    "count_heavy",
    "count_other"
  ],
  "categorical_columns": [
    "model_segment_id",
    "police_station",
    "junction_bucket",
    "road_class",
    "hour_bucket"
  ]
}