{
  "total_mae": 1.4417691298366748,
  "total_rmse": 2.8613118294242623,
  "total_wape": 0.834318702522469,
  "hotspot_roc_auc": 0.6554648309636396,
  "hotspot_average_precision": 0.21492907714185464,
  "hotspot_logloss": 1.961016861187956,
  "hotspot_brier": 0.1092489071843049,
  "top_1pct_violation_capture": 0.019084691698429433,
  "top_5pct_violation_capture": 0.11321060741221312,
  "top_10pct_violation_capture": 0.21736544751709783,
  "precision_at_10": 0.25532994923857866,
  "ndcg_at_10": 0.39274062568007095,
  "false_dispatch_rate_at_10": 0.06294416243654821,
  "precision_at_25": 0.20304568527918782,
  "ndcg_at_25": 0.4992378854063265,
  "false_dispatch_rate_at_25": 0.083248730964467,
  "precision_at_50": 0.15167512690355334,
  "ndcg_at_50": 0.598579335272379,
  "false_dispatch_rate_at_50": 0.16172588832487308,
  "by_target": {
    "count_two_wheeler": {
      "mae": 0.7822841633280014,
      "rmse": 2.1592327056170295,
      "wape": 0.9761224693613038
    },
    "count_car": {
      "mae": 0.573858910362562,
      "rmse": 1.2825654983419323,
      "wape": 0.9668343848678863
    },
    "count_auto": {
      "mae": 0.2438439707027266,
      "rmse": 0.7445835165766224,
      "wape": 1.0488181396088543
    },
    "count_light_commercial": {
      "mae": 0.08696442182378683,
      "rmse": 0.31343467912685424,
      "wape": 1.3269047597874588
    },
    "count_heavy": {
      "mae": 0.043378634659200006,
      "rmse": 0.22309777500674505,
      "wape": 1.4419354536482833
    },
    "count_other": {
      "mae": 0.005682791809737918,
      "rmse": 0.07817250701397079,
      "wape": 1.1369301333743889
    }
  },
  "train_rows": 123676,
  "test_rows": 21407,
  "cutoff_hour": "2024-03-18 23:00:00",
  "feature_columns": [
    "segment_id",
    "police_station",
    "junction_bucket",
    "road_class",
    "lat_center",
    "lon_center",
    "road_width_m",
    "hour",
    "day_of_week",
    "month",
    "day_of_year",
    "is_weekend",
    "is_peak",
    "hour_sin",
    "hour_cos",
    "dow_sin",
    "dow_cos",
    "month_sin",
    "month_cos",
    "day_of_year_norm",
    "is_weekday_peak",
    "is_weekend_peak",
    "hour_bucket",
    "is_holiday",
    "is_festival",
    "is_first_week_of_month",
    "is_month_end",
    "is_school_dropoff",
    "is_school_pickup",
    "is_lunch_market",
    "is_office_commute_am",
    "is_office_commute_pm",
    "is_shopping_evening",
    "is_nightlife_peak",
    "segment_total_events",
    "segment_event_rate",
    "segment_rank_pct",
    "segment_hour_mean",
    "segment_dow_hour_mean",
    "city_hour_mean",
    "city_dow_hour_mean",
    "hawkes_decay_intensity",
    "neighbor_spillover_score",
    "segment_severity_mean",
    "segment_dominant_vehicle_footprint",
    "lag_1h_total",
    "lag_2h_total",
    "lag_3h_total",
    "lag_24h_total",
    "lag_168h_total",
    "lag_1h_two_wheeler",
    "lag_1h_car",
    "lag_1h_auto",
    "lag_1h_light_commercial",
    "lag_1h_heavy",
    "lag_1h_other",
    "rainfall_mm",
    "is_raining",
    "is_underpass_or_bridge",
    "rain_shelter_bottleneck",
    "dist_to_legal_parking_m",
    "legal_parking_capacity",
    "overflow_risk_index",
    "dist_to_metro_m",
    "dist_to_commercial_m",
    "dist_to_bus_stop_m",
    "dist_to_school_m",
    "dist_to_hospital_m",
    "dist_to_market_m",
    "dist_to_restaurant_m",
    "dist_to_worship_m",
    "dist_to_office_m",
    "dist_to_mall_m",
    "dist_to_airport_m",
    "dist_to_railway_station_m",
    "dist_to_hotel_m",
    "dist_to_nightlife_m",
    "dist_to_park_m",
    "dist_to_stadium_m",
    "dist_to_university_m",
    "poi_count_200m",
    "poi_count_500m",
    "poi_gravity_score",
    "station_enforcement_volume",
    "station_approval_rate",
    "station_event_rate",
    "distance_to_active_event_m",
    "event_impact_score",
    "active_event_count",
    "road_vulnerability"
  ],
  "target_columns": [
    "count_two_wheeler",
    "count_car",
    "count_auto",
    "count_light_commercial",
    "count_heavy",
    "count_other"
  ],
  "categorical_columns": [
    "segment_id",
    "police_station",
    "junction_bucket",
    "road_class",
    "hour_bucket"
  ]
}