{
  "total_mae": 1.7675117554936501,
  "total_rmse": 3.311174564233025,
  "total_wape": 0.9570171939752774,
  "hotspot_roc_auc": 0.7078380254545525,
  "hotspot_average_precision": 0.29812248592411295,
  "hotspot_logloss": 0.49382991853829994,
  "hotspot_brier": 0.12028391149533801,
  "top_1pct_violation_capture": 0.027632561613144136,
  "top_5pct_violation_capture": 0.11175717486397098,
  "top_10pct_violation_capture": 0.19817561079697002,
  "precision_at_10": 0.3041450777202072,
  "ndcg_at_10": 0.3996206538349569,
  "false_dispatch_rate_at_10": 0.07046632124352332,
  "precision_at_25": 0.23461139896373057,
  "ndcg_at_25": 0.5051187028311818,
  "false_dispatch_rate_at_25": 0.09782383419689121,
  "precision_at_50": 0.17792746113989638,
  "ndcg_at_50": 0.6054306920670918,
  "false_dispatch_rate_at_50": 0.16569948186528496,
  "by_target": {
    "count_two_wheeler": {
      "mae": 0.9788529161334694,
      "rmse": 2.519378428842714,
      "wape": 1.1476674481638804
    },
    "count_car": {
      "mae": 0.6695045290438949,
      "rmse": 1.3621245349732296,
      "wape": 1.0507918617280863
    },
    "count_auto": {
      "mae": 0.3124281172552157,
      "rmse": 0.8750954618259187,
      "wape": 1.2586407581426629
    },
    "count_light_commercial": {
      "mae": 0.1186436890810145,
      "rmse": 0.346382927196113,
      "wape": 1.6713857656798017
    },
    "count_heavy": {
      "mae": 0.06492101152123418,
      "rmse": 0.2471683316371563,
      "wape": 2.018218275468689
    },
    "count_other": {
      "mae": 0.007960966715792253,
      "rmse": 0.08217684660817408,
      "wape": 1.4559245435187635
    }
  },
  "train_rows": 118244,
  "test_rows": 20300,
  "cutoff_hour": "2024-03-18 23:00:00",
  "feature_columns": [
    "model_segment_id",
    "police_station",
    "junction_bucket",
    "road_class",
    "lat_center",
    "lon_center",
    "road_width_m",
    "is_bulk_artifact_segment",
    "hour",
    "day_of_week",
    "month",
    "day_of_year",
    "is_weekend",
    "is_peak",
    "hour_sin",
    "hour_cos",
    "dow_sin",
    "dow_cos",
    "month_sin",
    "month_cos",
    "day_of_year_norm",
    "is_weekday_peak",
    "is_weekend_peak",
    "hour_bucket",
    "is_holiday",
    "is_festival",
    "is_first_week_of_month",
    "is_month_end",
    "is_school_dropoff",
    "is_school_pickup",
    "is_lunch_market",
    "is_office_commute_am",
    "is_office_commute_pm",
    "is_shopping_evening",
    "is_nightlife_peak",
    "segment_total_events",
    "segment_event_rate",
    "segment_rank_pct",
    "segment_hour_mean",
    "segment_dow_hour_mean",
    "city_hour_mean",
    "city_dow_hour_mean",
    "hawkes_decay_intensity",
    "neighbor_spillover_score",
    "segment_severity_mean",
    "segment_dominant_vehicle_footprint",
    "lag_1h_total",
    "lag_2h_total",
    "lag_3h_total",
    "lag_24h_total",
    "lag_168h_total",
    "lag_1h_two_wheeler",
    "lag_1h_car",
    "lag_1h_auto",
    "lag_1h_light_commercial",
    "lag_1h_heavy",
    "lag_1h_other",
    "rainfall_mm",
    "is_raining",
    "is_underpass_or_bridge",
    "rain_shelter_bottleneck",
    "dist_to_legal_parking_m",
    "legal_parking_capacity",
    "overflow_risk_index",
    "dist_to_metro_m",
    "dist_to_commercial_m",
    "dist_to_bus_stop_m",
    "dist_to_school_m",
    "dist_to_hospital_m",
    "dist_to_market_m",
    "dist_to_restaurant_m",
    "dist_to_worship_m",
    "dist_to_office_m",
    "dist_to_mall_m",
    "dist_to_airport_m",
    "dist_to_railway_station_m",
    "dist_to_hotel_m",
    "dist_to_nightlife_m",
    "dist_to_park_m",
    "dist_to_stadium_m",
    "dist_to_university_m",
    "poi_count_200m",
    "poi_count_500m",
    "poi_gravity_score",
    "station_enforcement_volume",
    "station_approval_rate",
    "station_event_rate",
    "distance_to_active_event_m",
    "event_impact_score",
    "active_event_count",
    "road_vulnerability"
  ],
  "target_columns": [
    "count_two_wheeler",
    "count_car",
    "count_auto",
    "count_light_commercial",
    "count_heavy",
    "count_other"
  ],
  "categorical_columns": [
    "model_segment_id",
    "police_station",
    "junction_bucket",
    "road_class",
    "hour_bucket"
  ]
}