{
  "total_mae": 1.072676087280791,
  "total_rmse": 2.5110916837830457,
  "total_wape": 0.9773795345110314,
  "hotspot_roc_auc": 0.8435513096082327,
  "hotspot_average_precision": 0.7423442741269377,
  "top_1pct_violation_capture": 0.051079949897656796,
  "top_5pct_violation_capture": 0.17709956313200745,
  "top_10pct_violation_capture": 0.30809886047719426,
  "by_target": {
    "count_two_wheeler": {
      "mae": 0.6149111228924276,
      "rmse": 1.879397357643845,
      "wape": 1.1745692481277477
    },
    "count_car": {
      "mae": 0.4131094545379599,
      "rmse": 1.0904932094550062,
      "wape": 1.1335899789856154
    },
    "count_auto": {
      "mae": 0.19444746632740542,
      "rmse": 0.6441113350698427,
      "wape": 1.276275458453976
    },
    "count_light_commercial": {
      "mae": 0.057186173890272696,
      "rmse": 0.24079244466171107,
      "wape": 1.4935005571605806
    },
    "count_heavy": {
      "mae": 0.02657654117107237,
      "rmse": 0.17370029472447793,
      "wape": 1.6343202895406876
    },
    "count_other": {
      "mae": 0.004108798709747184,
      "rmse": 0.05481730177973341,
      "wape": 1.551201538205187
    }
  },
  "train_rows": 187062,
  "test_rows": 29825,
  "cutoff_hour": "2024-03-18 23:00:00",
  "feature_columns": [
    "segment_id",
    "police_station",
    "junction_bucket",
    "road_class",
    "lat_center",
    "lon_center",
    "road_width_m",
    "hour",
    "day_of_week",
    "month",
    "day_of_year",
    "is_weekend",
    "is_peak",
    "hour_sin",
    "hour_cos",
    "dow_sin",
    "dow_cos",
    "month_sin",
    "month_cos",
    "day_of_year_norm",
    "is_weekday_peak",
    "is_weekend_peak",
    "hour_bucket",
    "segment_total_events",
    "segment_event_rate",
    "segment_rank_pct",
    "segment_hour_mean",
    "segment_dow_hour_mean",
    "city_hour_mean",
    "city_dow_hour_mean",
    "lag_1h_total",
    "lag_2h_total",
    "lag_3h_total",
    "lag_24h_total",
    "lag_168h_total",
    "lag_1h_two_wheeler",
    "lag_1h_car",
    "lag_1h_auto",
    "lag_1h_light_commercial",
    "lag_1h_heavy",
    "lag_1h_other",
    "rainfall_mm",
    "is_raining",
    "is_underpass_or_bridge",
    "rain_shelter_bottleneck",
    "dist_to_legal_parking_m",
    "legal_parking_capacity",
    "overflow_risk_index",
    "dist_to_metro_m",
    "dist_to_commercial_m",
    "distance_to_active_event_m",
    "event_impact_score",
    "active_event_count"
  ],
  "target_columns": [
    "count_two_wheeler",
    "count_car",
    "count_auto",
    "count_light_commercial",
    "count_heavy",
    "count_other"
  ],
  "categorical_columns": [
    "segment_id",
    "police_station",
    "junction_bucket",
    "road_class",
    "hour_bucket"
  ]
}