{
  "total_mae": 1.072184479313032,
  "total_rmse": 2.528144170375692,
  "total_wape": 0.9769316009993334,
  "hotspot_roc_auc": 0.841429035343062,
  "hotspot_average_precision": 0.742056202111266,
  "top_1pct_violation_capture": 0.052088106803531604,
  "top_5pct_violation_capture": 0.17596920538905692,
  "top_10pct_violation_capture": 0.30779335838450494,
  "by_target": {
    "count_two_wheeler": {
      "mae": 0.6190471848749162,
      "rmse": 1.9028986491740545,
      "wape": 1.1824697251757637
    },
    "count_car": {
      "mae": 0.41580447361159273,
      "rmse": 1.0942957126889106,
      "wape": 1.1409852263746207
    },
    "count_auto": {
      "mae": 0.19422025467506732,
      "rmse": 0.678839204333984,
      "wape": 1.2747841319726854
    },
    "count_light_commercial": {
      "mae": 0.051344094196286515,
      "rmse": 0.24019467614927856,
      "wape": 1.340926102805819
    },
    "count_heavy": {
      "mae": 0.0258083852782936,
      "rmse": 0.17633306837700116,
      "wape": 1.5870826617012508
    },
    "count_other": {
      "mae": 0.003011306348656948,
      "rmse": 0.05460266792501558,
      "wape": 1.1368634411227023
    }
  },
  "train_rows": 187062,
  "test_rows": 29825,
  "cutoff_hour": "2024-03-18 23:00:00",
  "feature_columns": [
    "segment_id",
    "police_station",
    "junction_bucket",
    "road_class",
    "lat_center",
    "lon_center",
    "road_width_m",
    "hour",
    "day_of_week",
    "month",
    "day_of_year",
    "is_weekend",
    "is_peak",
    "hour_sin",
    "hour_cos",
    "dow_sin",
    "dow_cos",
    "month_sin",
    "month_cos",
    "days_since_start",
    "segment_total_events",
    "segment_event_rate",
    "segment_rank_pct",
    "segment_hour_mean",
    "segment_dow_hour_mean",
    "city_hour_mean",
    "city_dow_hour_mean",
    "lag_1h_total",
    "lag_2h_total",
    "lag_3h_total",
    "lag_24h_total",
    "lag_168h_total",
    "lag_1h_two_wheeler",
    "lag_1h_car",
    "lag_1h_auto",
    "lag_1h_light_commercial",
    "lag_1h_heavy",
    "lag_1h_other",
    "rainfall_mm",
    "is_raining",
    "is_underpass_or_bridge",
    "rain_shelter_bottleneck",
    "dist_to_legal_parking_m",
    "legal_parking_capacity",
    "overflow_risk_index",
    "dist_to_metro_m",
    "dist_to_commercial_m",
    "distance_to_active_event_m",
    "event_impact_score",
    "active_event_count"
  ],
  "target_columns": [
    "count_two_wheeler",
    "count_car",
    "count_auto",
    "count_light_commercial",
    "count_heavy",
    "count_other"
  ],
  "categorical_columns": [
    "segment_id",
    "police_station",
    "junction_bucket",
    "road_class"
  ]
}