{
  "total_mae": 1.0796599112794332,
  "total_rmse": 2.598967898504627,
  "total_wape": 0.8976258987435394,
  "hotspot_roc_auc": 0.7134213085263029,
  "hotspot_average_precision": 0.1459127840955577,
  "hotspot_logloss": 0.7980197949767933,
  "hotspot_brier": 0.053835694042247036,
  "top_1pct_violation_capture": 0.027257945306725796,
  "top_5pct_violation_capture": 0.1408130081300813,
  "top_10pct_violation_capture": 0.26249815225424983,
  "precision_at_10": 0.13804347826086955,
  "ndcg_at_10": 0.35683838296184683,
  "false_dispatch_rate_at_10": 0.24384057971014497,
  "precision_at_25": 0.10956521739130434,
  "ndcg_at_25": 0.45493979348871666,
  "false_dispatch_rate_at_25": 0.30855072463768113,
  "precision_at_50": 0.0777536231884058,
  "ndcg_at_50": 0.5491155835101147,
  "false_dispatch_rate_at_50": 0.42318840579710143,
  "by_target": {
    "count_two_wheeler": {
      "mae": 0.5996243436352741,
      "rmse": 1.9960723743230198,
      "wape": 1.0423189387879328
    },
    "count_car": {
      "mae": 0.41572829038102116,
      "rmse": 1.0821791132425744,
      "wape": 1.0431041204581617
    },
    "count_auto": {
      "mae": 0.1836918445262233,
      "rmse": 0.7011435305224415,
      "wape": 1.1009765668726454
    },
    "count_light_commercial": {
      "mae": 0.061603617930887054,
      "rmse": 0.252046539302166,
      "wape": 1.4806982422670134
    },
    "count_heavy": {
      "mae": 0.030210992628360658,
      "rmse": 0.17360799884070405,
      "wape": 1.7198249690177296
    },
    "count_other": {
      "mae": 0.0035499403914406925,
      "rmse": 0.05991569067900735,
      "wape": 1.2027882372059657
    }
  },
  "train_rows": 168253,
  "test_rows": 28122,
  "cutoff_hour": "2024-03-18 23:00:00",
  "feature_columns": [
    "segment_id",
    "police_station",
    "junction_bucket",
    "road_class",
    "lat_center",
    "lon_center",
    "road_width_m",
    "hour",
    "day_of_week",
    "month",
    "day_of_year",
    "is_weekend",
    "is_peak",
    "hour_sin",
    "hour_cos",
    "dow_sin",
    "dow_cos",
    "month_sin",
    "month_cos",
    "day_of_year_norm",
    "is_weekday_peak",
    "is_weekend_peak",
    "hour_bucket",
    "is_holiday",
    "is_festival",
    "is_first_week_of_month",
    "is_month_end",
    "is_school_dropoff",
    "is_school_pickup",
    "is_lunch_market",
    "is_office_commute_am",
    "is_office_commute_pm",
    "is_shopping_evening",
    "is_nightlife_peak",
    "segment_total_events",
    "segment_event_rate",
    "segment_rank_pct",
    "segment_hour_mean",
    "segment_dow_hour_mean",
    "city_hour_mean",
    "city_dow_hour_mean",
    "hawkes_decay_intensity",
    "neighbor_spillover_score",
    "segment_severity_mean",
    "segment_dominant_vehicle_footprint",
    "lag_1h_total",
    "lag_2h_total",
    "lag_3h_total",
    "lag_24h_total",
    "lag_168h_total",
    "lag_1h_two_wheeler",
    "lag_1h_car",
    "lag_1h_auto",
    "lag_1h_light_commercial",
    "lag_1h_heavy",
    "lag_1h_other",
    "rainfall_mm",
    "is_raining",
    "is_underpass_or_bridge",
    "rain_shelter_bottleneck",
    "dist_to_legal_parking_m",
    "legal_parking_capacity",
    "overflow_risk_index",
    "dist_to_metro_m",
    "dist_to_commercial_m",
    "dist_to_bus_stop_m",
    "dist_to_school_m",
    "dist_to_hospital_m",
    "dist_to_market_m",
    "dist_to_restaurant_m",
    "dist_to_worship_m",
    "poi_count_200m",
    "poi_count_500m",
    "poi_gravity_score",
    "station_enforcement_volume",
    "station_approval_rate",
    "station_event_rate",
    "distance_to_active_event_m",
    "event_impact_score",
    "active_event_count",
    "road_vulnerability"
  ],
  "target_columns": [
    "count_two_wheeler",
    "count_car",
    "count_auto",
    "count_light_commercial",
    "count_heavy",
    "count_other"
  ],
  "categorical_columns": [
    "segment_id",
    "police_station",
    "junction_bucket",
    "road_class",
    "hour_bucket"
  ]
}