{
  "total_mae": 1.0877896678525674,
  "total_rmse": 2.542545035749152,
  "total_wape": 0.9148598702664252,
  "hotspot_roc_auc": 0.7302748587687204,
  "hotspot_average_precision": 0.16549906713982915,
  "hotspot_logloss": 0.6742822600447657,
  "hotspot_brier": 0.04835254656022408,
  "top_1pct_violation_capture": 0.045660964230171075,
  "top_5pct_violation_capture": 0.15794712286158633,
  "top_10pct_violation_capture": 0.2700777604976672,
  "precision_at_10": 0.14015444015444015,
  "ndcg_at_10": 0.3973308163621785,
  "false_dispatch_rate_at_10": 0.20733590733590734,
  "precision_at_25": 0.10486486486486486,
  "ndcg_at_25": 0.489439194014723,
  "false_dispatch_rate_at_25": 0.2823166023166023,
  "precision_at_50": 0.07567567567567568,
  "ndcg_at_50": 0.5825850095167272,
  "false_dispatch_rate_at_50": 0.39722007722007724,
  "by_target": {
    "count_two_wheeler": {
      "mae": 0.6092368774089024,
      "rmse": 1.8978499641096716,
      "wape": 1.0691300576492284
    },
    "count_car": {
      "mae": 0.4200544020553748,
      "rmse": 1.141772971516286,
      "wape": 1.0672665830835633
    },
    "count_auto": {
      "mae": 0.18818962729313146,
      "rmse": 0.6580410479378226,
      "wape": 1.1445027738144358
    },
    "count_light_commercial": {
      "mae": 0.05247886227792996,
      "rmse": 0.24866424608457932,
      "wape": 1.2853043089972358
    },
    "count_heavy": {
      "mae": 0.02161109590562789,
      "rmse": 0.17730810908101613,
      "wape": 1.2276101306560345
    },
    "count_other": {
      "mae": 0.0030453484770356872,
      "rmse": 0.05506526266634517,
      "wape": 1.1127456414941614
    }
  },
  "train_rows": 161268,
  "test_rows": 27039,
  "cutoff_hour": "2024-03-18 23:00:00",
  "feature_columns": [
    "segment_id",
    "police_station",
    "junction_bucket",
    "road_class",
    "lat_center",
    "lon_center",
    "road_width_m",
    "hour",
    "day_of_week",
    "month",
    "day_of_year",
    "is_weekend",
    "is_peak",
    "hour_sin",
    "hour_cos",
    "dow_sin",
    "dow_cos",
    "month_sin",
    "month_cos",
    "day_of_year_norm",
    "is_weekday_peak",
    "is_weekend_peak",
    "hour_bucket",
    "is_holiday",
    "is_festival",
    "is_first_week_of_month",
    "is_month_end",
    "is_school_dropoff",
    "is_school_pickup",
    "is_lunch_market",
    "is_office_commute_am",
    "is_office_commute_pm",
    "is_shopping_evening",
    "is_nightlife_peak",
    "segment_total_events",
    "segment_event_rate",
    "segment_rank_pct",
    "segment_hour_mean",
    "segment_dow_hour_mean",
    "city_hour_mean",
    "city_dow_hour_mean",
    "hawkes_decay_intensity",
    "neighbor_spillover_score",
    "segment_severity_mean",
    "segment_dominant_vehicle_footprint",
    "lag_1h_total",
    "lag_2h_total",
    "lag_3h_total",
    "lag_24h_total",
    "lag_168h_total",
    "lag_1h_two_wheeler",
    "lag_1h_car",
    "lag_1h_auto",
    "lag_1h_light_commercial",
    "lag_1h_heavy",
    "lag_1h_other",
    "rainfall_mm",
    "is_raining",
    "is_underpass_or_bridge",
    "rain_shelter_bottleneck",
    "dist_to_legal_parking_m",
    "legal_parking_capacity",
    "overflow_risk_index",
    "dist_to_metro_m",
    "dist_to_commercial_m",
    "dist_to_bus_stop_m",
    "dist_to_school_m",
    "dist_to_hospital_m",
    "dist_to_market_m",
    "dist_to_restaurant_m",
    "dist_to_worship_m",
    "poi_count_200m",
    "poi_count_500m",
    "poi_gravity_score",
    "station_enforcement_volume",
    "station_approval_rate",
    "station_event_rate",
    "distance_to_active_event_m",
    "event_impact_score",
    "active_event_count",
    "road_vulnerability"
  ],
  "target_columns": [
    "count_two_wheeler",
    "count_car",
    "count_auto",
    "count_light_commercial",
    "count_heavy",
    "count_other"
  ],
  "categorical_columns": [
    "segment_id",
    "police_station",
    "junction_bucket",
    "road_class",
    "hour_bucket"
  ]
}