{
  "total_mae": 1.0464067997168187,
  "total_rmse": 2.519813625969669,
  "total_wape": 0.8918333261730913,
  "hotspot_roc_auc": 0.7103960491939805,
  "hotspot_average_precision": 0.14183986066232532,
  "hotspot_logloss": 0.7331317324321497,
  "hotspot_brier": 0.04797064923133824,
  "top_1pct_violation_capture": 0.035129100229581406,
  "top_5pct_violation_capture": 0.1494795106456584,
  "top_10pct_violation_capture": 0.2726043337421769,
  "precision_at_10": 0.1349019607843137,
  "ndcg_at_10": 0.37853500764045184,
  "false_dispatch_rate_at_10": 0.21607843137254903,
  "precision_at_25": 0.09898039215686276,
  "ndcg_at_25": 0.47220195490740535,
  "false_dispatch_rate_at_25": 0.28627450980392155,
  "precision_at_50": 0.07098039215686275,
  "ndcg_at_50": 0.5615874547000888,
  "false_dispatch_rate_at_50": 0.40141176470588236,
  "by_target": {
    "count_two_wheeler": {
      "mae": 0.5871963459200966,
      "rmse": 1.909548094985122,
      "wape": 1.0391159053437782
    },
    "count_car": {
      "mae": 0.39866156645173756,
      "rmse": 1.0968886099849335,
      "wape": 1.0370251920562572
    },
    "count_auto": {
      "mae": 0.17804695447932592,
      "rmse": 0.6488420813496946,
      "wape": 1.089181143654567
    },
    "count_light_commercial": {
      "mae": 0.05978643255247453,
      "rmse": 0.2524555208776229,
      "wape": 1.4715824906194912
    },
    "count_heavy": {
      "mae": 0.02772330567579726,
      "rmse": 0.17580483189468757,
      "wape": 1.6368226226886835
    },
    "count_other": {
      "mae": 0.003252682539464194,
      "rmse": 0.05600283986104336,
      "wape": 1.1753026242597289
    }
  },
  "train_rows": 161540,
  "test_rows": 27100,
  "cutoff_hour": "2024-03-18 23:00:00",
  "feature_columns": [
    "segment_id",
    "police_station",
    "junction_bucket",
    "road_class",
    "lat_center",
    "lon_center",
    "road_width_m",
    "hour",
    "day_of_week",
    "month",
    "day_of_year",
    "is_weekend",
    "is_peak",
    "hour_sin",
    "hour_cos",
    "dow_sin",
    "dow_cos",
    "month_sin",
    "month_cos",
    "day_of_year_norm",
    "is_weekday_peak",
    "is_weekend_peak",
    "hour_bucket",
    "is_holiday",
    "is_festival",
    "is_first_week_of_month",
    "is_month_end",
    "is_school_dropoff",
    "is_school_pickup",
    "is_lunch_market",
    "is_office_commute_am",
    "is_office_commute_pm",
    "is_shopping_evening",
    "is_nightlife_peak",
    "segment_total_events",
    "segment_event_rate",
    "segment_rank_pct",
    "segment_hour_mean",
    "segment_dow_hour_mean",
    "city_hour_mean",
    "city_dow_hour_mean",
    "hawkes_decay_intensity",
    "neighbor_spillover_score",
    "segment_severity_mean",
    "segment_dominant_vehicle_footprint",
    "lag_1h_total",
    "lag_2h_total",
    "lag_3h_total",
    "lag_24h_total",
    "lag_168h_total",
    "lag_1h_two_wheeler",
    "lag_1h_car",
    "lag_1h_auto",
    "lag_1h_light_commercial",
    "lag_1h_heavy",
    "lag_1h_other",
    "rainfall_mm",
    "is_raining",
    "is_underpass_or_bridge",
    "rain_shelter_bottleneck",
    "dist_to_legal_parking_m",
    "legal_parking_capacity",
    "overflow_risk_index",
    "dist_to_metro_m",
    "dist_to_commercial_m",
    "dist_to_bus_stop_m",
    "dist_to_school_m",
    "dist_to_hospital_m",
    "dist_to_market_m",
    "dist_to_restaurant_m",
    "dist_to_worship_m",
    "dist_to_office_m",
    "dist_to_mall_m",
    "dist_to_airport_m",
    "dist_to_railway_station_m",
    "dist_to_hotel_m",
    "dist_to_nightlife_m",
    "dist_to_park_m",
    "dist_to_stadium_m",
    "dist_to_university_m",
    "poi_count_200m",
    "poi_count_500m",
    "poi_gravity_score",
    "station_enforcement_volume",
    "station_approval_rate",
    "station_event_rate",
    "distance_to_active_event_m",
    "event_impact_score",
    "active_event_count",
    "road_vulnerability"
  ],
  "target_columns": [
    "count_two_wheeler",
    "count_car",
    "count_auto",
    "count_light_commercial",
    "count_heavy",
    "count_other"
  ],
  "categorical_columns": [
    "segment_id",
    "police_station",
    "junction_bucket",
    "road_class",
    "hour_bucket"
  ]
}