{
  "total_mae": 1.1154446467652686,
  "total_rmse": 2.648713738356571,
  "total_wape": 0.9273772167430269,
  "hotspot_roc_auc": 0.7222600691348803,
  "hotspot_average_precision": 0.16530699227214524,
  "hotspot_logloss": 0.7509790070098108,
  "hotspot_brier": 0.052468120052038936,
  "top_1pct_violation_capture": 0.040827790096082776,
  "top_5pct_violation_capture": 0.15657058388765707,
  "top_10pct_violation_capture": 0.2692978566149298,
  "precision_at_10": 0.14275362318840581,
  "ndcg_at_10": 0.39029187363487816,
  "false_dispatch_rate_at_10": 0.222463768115942,
  "precision_at_25": 0.11,
  "ndcg_at_25": 0.4808469960571842,
  "false_dispatch_rate_at_25": 0.2985507246376812,
  "precision_at_50": 0.07855072463768116,
  "ndcg_at_50": 0.5724785411590994,
  "false_dispatch_rate_at_50": 0.41478260869565214,
  "by_target": {
    "count_two_wheeler": {
      "mae": 0.6287647340276384,
      "rmse": 2.0391368141299457,
      "wape": 1.092973287818349
    },
    "count_car": {
      "mae": 0.42519575933528253,
      "rmse": 1.0954356894050539,
      "wape": 1.0668589528931847
    },
    "count_auto": {
      "mae": 0.19118740187585762,
      "rmse": 0.7043590011922779,
      "wape": 1.1459019854119497
    },
    "count_light_commercial": {
      "mae": 0.053146793063137764,
      "rmse": 0.252157465928511,
      "wape": 1.2774308671124446
    },
    "count_heavy": {
      "mae": 0.02204047374088246,
      "rmse": 0.1766651110418571,
      "wape": 1.2547008148605194
    },
    "count_other": {
      "mae": 0.00338087304810236,
      "rmse": 0.05993903523196477,
      "wape": 1.1455049621534286
    }
  },
  "train_rows": 168253,
  "test_rows": 28122,
  "cutoff_hour": "2024-03-18 23:00:00",
  "feature_columns": [
    "segment_id",
    "police_station",
    "junction_bucket",
    "road_class",
    "lat_center",
    "lon_center",
    "road_width_m",
    "hour",
    "day_of_week",
    "month",
    "day_of_year",
    "is_weekend",
    "is_peak",
    "hour_sin",
    "hour_cos",
    "dow_sin",
    "dow_cos",
    "month_sin",
    "month_cos",
    "day_of_year_norm",
    "is_weekday_peak",
    "is_weekend_peak",
    "hour_bucket",
    "is_holiday",
    "is_festival",
    "is_first_week_of_month",
    "is_month_end",
    "is_school_dropoff",
    "is_school_pickup",
    "is_lunch_market",
    "is_office_commute_am",
    "is_office_commute_pm",
    "is_shopping_evening",
    "is_nightlife_peak",
    "segment_total_events",
    "segment_event_rate",
    "segment_rank_pct",
    "segment_hour_mean",
    "segment_dow_hour_mean",
    "city_hour_mean",
    "city_dow_hour_mean",
    "hawkes_decay_intensity",
    "neighbor_spillover_score",
    "segment_severity_mean",
    "segment_dominant_vehicle_footprint",
    "lag_1h_total",
    "lag_2h_total",
    "lag_3h_total",
    "lag_24h_total",
    "lag_168h_total",
    "lag_1h_two_wheeler",
    "lag_1h_car",
    "lag_1h_auto",
    "lag_1h_light_commercial",
    "lag_1h_heavy",
    "lag_1h_other",
    "rainfall_mm",
    "is_raining",
    "is_underpass_or_bridge",
    "rain_shelter_bottleneck",
    "dist_to_legal_parking_m",
    "legal_parking_capacity",
    "overflow_risk_index",
    "dist_to_metro_m",
    "dist_to_commercial_m",
    "dist_to_bus_stop_m",
    "dist_to_school_m",
    "dist_to_hospital_m",
    "dist_to_market_m",
    "dist_to_restaurant_m",
    "dist_to_worship_m",
    "poi_count_200m",
    "poi_count_500m",
    "poi_gravity_score",
    "station_enforcement_volume",
    "station_approval_rate",
    "station_event_rate",
    "distance_to_active_event_m",
    "event_impact_score",
    "active_event_count",
    "road_vulnerability"
  ],
  "target_columns": [
    "count_two_wheeler",
    "count_car",
    "count_auto",
    "count_light_commercial",
    "count_heavy",
    "count_other"
  ],
  "categorical_columns": [
    "segment_id",
    "police_station",
    "junction_bucket",
    "road_class",
    "hour_bucket"
  ]
}