{
  "total_mae": 1.1344274116271023,
  "total_rmse": 2.5954172402198408,
  "total_wape": 0.9540834458160254,
  "hotspot_roc_auc": 0.7101186999595382,
  "hotspot_average_precision": 0.16674483133348117,
  "hotspot_logloss": 1.011796402365788,
  "hotspot_brier": 0.07141293328321681,
  "top_1pct_violation_capture": 0.035085536547433904,
  "top_5pct_violation_capture": 0.14342146189735613,
  "top_10pct_violation_capture": 0.2657542768273717,
  "by_target": {
    "count_two_wheeler": {
      "mae": 0.642464294334822,
      "rmse": 1.9548161129791435,
      "wape": 1.1274397750856213
    },
    "count_car": {
      "mae": 0.43382590408978094,
      "rmse": 1.1316388440782306,
      "wape": 1.1022569649204648
    },
    "count_auto": {
      "mae": 0.19817149955085858,
      "rmse": 0.6700199070272342,
      "wape": 1.205208991532988
    },
    "count_light_commercial": {
      "mae": 0.057240759327482994,
      "rmse": 0.250486693108544,
      "wape": 1.4019319668983812
    },
    "count_heavy": {
      "mae": 0.02467386457633729,
      "rmse": 0.17598164154512794,
      "wape": 1.4015895468058488
    },
    "count_other": {
      "mae": 0.0037610328949600857,
      "rmse": 0.05517982268278911,
      "wape": 1.3742509249571049
    }
  },
  "train_rows": 161268,
  "test_rows": 27039,
  "cutoff_hour": "2024-03-18 23:00:00",
  "feature_columns": [
    "segment_id",
    "police_station",
    "junction_bucket",
    "road_class",
    "lat_center",
    "lon_center",
    "road_width_m",
    "hour",
    "day_of_week",
    "month",
    "day_of_year",
    "is_weekend",
    "is_peak",
    "hour_sin",
    "hour_cos",
    "dow_sin",
    "dow_cos",
    "month_sin",
    "month_cos",
    "day_of_year_norm",
    "is_weekday_peak",
    "is_weekend_peak",
    "hour_bucket",
    "is_holiday",
    "is_festival",
    "is_first_week_of_month",
    "is_month_end",
    "is_school_dropoff",
    "is_school_pickup",
    "is_lunch_market",
    "is_office_commute_am",
    "is_office_commute_pm",
    "is_shopping_evening",
    "is_nightlife_peak",
    "segment_total_events",
    "segment_event_rate",
    "segment_rank_pct",
    "segment_hour_mean",
    "segment_dow_hour_mean",
    "city_hour_mean",
    "city_dow_hour_mean",
    "rolling_7d_mean",
    "rolling_28d_mean",
    "segment_severity_mean",
    "segment_dominant_vehicle_footprint",
    "lag_1h_total",
    "lag_2h_total",
    "lag_3h_total",
    "lag_24h_total",
    "lag_168h_total",
    "lag_1h_two_wheeler",
    "lag_1h_car",
    "lag_1h_auto",
    "lag_1h_light_commercial",
    "lag_1h_heavy",
    "lag_1h_other",
    "rainfall_mm",
    "is_raining",
    "is_underpass_or_bridge",
    "rain_shelter_bottleneck",
    "dist_to_legal_parking_m",
    "legal_parking_capacity",
    "overflow_risk_index",
    "dist_to_metro_m",
    "dist_to_commercial_m",
    "dist_to_bus_stop_m",
    "dist_to_school_m",
    "dist_to_hospital_m",
    "dist_to_market_m",
    "dist_to_restaurant_m",
    "dist_to_worship_m",
    "poi_count_200m",
    "poi_count_500m",
    "poi_gravity_score",
    "station_enforcement_volume",
    "station_approval_rate",
    "station_event_rate",
    "distance_to_active_event_m",
    "event_impact_score",
    "active_event_count",
    "road_vulnerability"
  ],
  "target_columns": [
    "count_two_wheeler",
    "count_car",
    "count_auto",
    "count_light_commercial",
    "count_heavy",
    "count_other"
  ],
  "categorical_columns": [
    "segment_id",
    "police_station",
    "junction_bucket",
    "road_class",
    "hour_bucket"
  ]
}