{
  "total_mae": 2.7207089510929583,
  "total_rmse": 4.316191368642589,
  "total_wape": 0.9093822154737534,
  "by_target": {
    "count_two_wheeler": {
      "mae": 1.9735640211571315,
      "rmse": 3.48788144265651,
      "wape": 1.347548925838488
    },
    "count_car": {
      "mae": 0.990547511422918,
      "rmse": 1.6344754498877643,
      "wape": 1.1600664980521274
    },
    "count_auto": {
      "mae": 0.7925342403026083,
      "rmse": 1.5610564583201891,
      "wape": 1.3823183991583297
    },
    "count_light_commercial": {
      "mae": 0.1371928572782127,
      "rmse": 0.3390345398205994,
      "wape": 1.8299032745326698
    },
    "count_heavy": {
      "mae": 0.04658160390143783,
      "rmse": 0.18994471041171826,
      "wape": 2.373073932089916
    },
    "count_other": {
      "mae": 0.010259577051513563,
      "rmse": 0.07726986515530847,
      "wape": 1.8816064312475873
    }
  },
  "train_rows": 34722,
  "test_rows": 3668,
  "cutoff_hour": "2024-03-25 23:00:00",
  "feature_columns": [
    "segment_id",
    "police_station",
    "junction_bucket",
    "road_class",
    "lat_center",
    "lon_center",
    "road_width_m",
    "hour",
    "day_of_week",
    "month",
    "day_of_year",
    "is_weekend",
    "is_peak",
    "hour_sin",
    "hour_cos",
    "dow_sin",
    "dow_cos",
    "month_sin",
    "month_cos",
    "days_since_start",
    "segment_total_events",
    "segment_event_rate",
    "segment_rank_pct",
    "segment_hour_mean",
    "segment_dow_hour_mean",
    "city_hour_mean",
    "city_dow_hour_mean",
    "lag_1h_total",
    "lag_2h_total",
    "lag_3h_total",
    "lag_24h_total",
    "lag_168h_total",
    "lag_1h_two_wheeler",
    "lag_1h_car",
    "lag_1h_auto",
    "lag_1h_light_commercial",
    "lag_1h_heavy",
    "lag_1h_other"
  ],
  "target_columns": [
    "count_two_wheeler",
    "count_car",
    "count_auto",
    "count_light_commercial",
    "count_heavy",
    "count_other"
  ],
  "categorical_columns": [
    "segment_id",
    "police_station",
    "junction_bucket",
    "road_class"
  ]
}